{
  "IsEncrypted": false,
  "Values": {
    "FUNCTIONS_WORKER_RUNTIME": "python",
    "AzureWebJobsSecretStorageType": "files",
    "AzureWebJobsStorage": "DefaultEndpointsProtocol=https;AccountName=stinsidetrackuksouth;AccountKey=jNYR5JbamWAKBmod92GTkzhrDYjpOcLDUQ1q6LY26iW/ePcfE9upM7qw1HhCrKPOPx7cXEf9n+xT+AStLDImOA==;EndpointSuffix=core.windows.net",
    "UPLOADS_SAS_URL": "https://stinsidetrackuksouth.blob.core.windows.net/?sv=2024-11-04&ss=bfqt&srt=sco&sp=rwdlacupiytfx&se=2026-04-08T22:20:42Z&st=2025-09-05T14:05:42Z&spr=https&sig=fcVtEF%2BfASOXcCO%2FMJniXsHOFegj%2FV%2BCkB%2B9j4FIlik%3D",
    "CAMPAIGN_RESULTS_CONTAINER": "results",
    "CAMPAIGN_SEGMENTS_CONTAINER":"segments"
  }
}