{
  "version": "2.0",
  "functionTimeout": "00:10:00",
  "extensionBundle": {
    "id": "Microsoft.Azure.Functions.ExtensionBundle",
    "version": "[3.*, 4.0.0)"
  },
  "extensions": {
    "durableTask": {
      "hubName": "CampaignHub"
    },
    "queues": {
      "maxDequeueCount": 5,
      "batchSize": 8,
      "newBatchThreshold": 4,
      "visibilityTimeout": "00:05:00"
    },
    "http": {
      "routePrefix": "api",
      "maxOutstandingRequests": 200,
      "maxConcurrentRequests": 100
    }
  },
  "logging": {
    "applicationInsights": {
      "samplingSettings": {
        "isEnabled": true,
        "excludedTypes": "Request"
      }
    },
    "logLevel": {
      "default": "Information",
      "Function": "Information",
      "Host.Results": "Information"
    }
  },
  "functions": [
    "auth",
    "generate",
    "campaign-start",
    "campaign-status",
    "campaignFetch",
    "campaign-regenerate",
    "runs",
    "pbi_token",
    "lead-qualification",
    "ch-strategic"
  ]
}
