{
  "routes": [
    {
      "route": "/",
      "headers": {
        "Cache-Control": "no-store",
        "Content-Security-Policy": "default-src 'self'; script-src 'self'; style-src 'self'; img-src 'self' data:; font-src 'self'; connect-src 'self' https://api.openai.com https://*.openai.azure.com; frame-src https://app.powerbi.com; child-src https://app.powerbi.com; frame-ancestors 'none'; base-uri 'none'; form-action 'self'; object-src 'none'"
      }
    },
    {
      "route": "/.auth/me",
      "rewrite": "/api/.auth/me"
    },
    {
      "route": "/reports",
      "rewrite": "/reports.html"
    },
    {
      "route": "/reports/*",
      "rewrite": "/reports.html"
    },
    {
      "route": "/engagement",
      "rewrite": "/engagement/index.html"
    },
    {
      "route": "/engagement/*",
      "rewrite": "/engagement/index.html"
    },
    {
      "route": "/first-call-script-v2",
      "redirect": "/engagement",
      "statusCode": 301
    },
    {
      "route": "/first-call-script-v2/*",
      "redirect": "/engagement",
      "statusCode": 301
    },
    {
      "route": "/qualification",
      "rewrite": "/qualification/index.html"
    },
    {
      "route": "/qualification/*",
      "rewrite": "/qualification/index.html"
    },
    {
      "route": "/lead-qualification",
      "redirect": "/qualification",
      "statusCode": 301
    },
    {
      "route": "/lead-qualification/*",
      "redirect": "/qualification",
      "statusCode": 301
    },
    {
      "route": "/ch-strategic",
      "rewrite": "/ch-strategic/index.html"
    },
    {
      "route": "/ch-strategic/*",
      "rewrite": "/ch-strategic/index.html"
    },
    {
      "route": "/campaign",
      "rewrite": "/campaign/index.html",
      "headers": {
        "cache-control": "no-cache, no-store, must-revalidate"
      }
    },
    {
      "route": "/campaign/*",
      "rewrite": "/campaign/index.html",
      "headers": {
        "cache-control": "no-cache, no-store, must-revalidate"
      }
    },
    {
      "route": "/content/call-library/*",
      "headers": {
        "cache-control": "no-store"
      }
    }
  ],
  "responseOverrides": {
    "401": {
      "rewrite": "/index.html",
      "statusCode": 302
    }
  },
  "roleAssignments": {
    "admin": [
      "/admin/*"
    ],
    "campaignmanager": [
      "/campaign/*"
    ],
    "salesleader": [
      "/leader/*"
    ],
    "salesuser": [
      "/user/*"
    ]
  },
  "globalHeaders": {
    "Referrer-Policy": "strict-origin-when-cross-origin",
    "X-Content-Type-Options": "nosniff",
    "Cross-Origin-Opener-Policy": "same-origin",
    "Cross-Origin-Embedder-Policy": "require-corp",
    "Content-Security-Policy": "default-src 'self'; script-src 'self'; style-src 'self'; img-src 'self' data:; font-src 'self'; connect-src 'self' https://api.openai.com https://*.openai.azure.com; frame-ancestors 'none'; base-uri 'none'; form-action 'self'; object-src 'none'",
    "Cache-Control": "public, max-age=31536000, immutable"
  },
  "mimeTypes": {
    ".md": "text/markdown; charset=utf-8",
    ".mdx": "text/markdown; charset=utf-8",
    ".js": "application/javascript; charset=utf-8",
    ".mjs": "application/javascript; charset=utf-8",
    ".json": "application/json; charset=utf-8",
    ".html": "text/html; charset=utf-8"
  }
}