{
  "IsEncrypted": false,
  "Values": {
    "AUTH_DEV_ALWAYS": "1",
    "AUTH_DEV_EMAIL": "lucy.green@larato.co.uk",
    "ALLOWED_ORIGIN": "https://sales-tools.larato.co.uk",
    "AzureWebJobsSecretStorageType": "files",
    "AzureWebJobsStorage": "DefaultEndpointsProtocol=https;AccountName=stinsidetrackuksouth;AccountKey=jNYR5JbamWAKBmod92GTkzhrDYjpOcLDUQ1q6LY26iW/ePcfE9upM7qw1HhCrKPOPx7cXEf9n+xT+AStLDImOA==;EndpointSuffix=core.windows.net",
    "AZURE_OPENAI_API_KEY": "ElLJE5eSvCeUPycVVoMVKHTFmBGoIRE3h3sgyZXdKVwkRGE91QUkJQQJ99BHACmepeSXJ3w3AAABACOGuCw8",
    "AZURE_OPENAI_DEPLOYMENT": "sales-tools",
    "AZURE_OPENAI_ENDPOINT": "https://sales-tools.openai.azure.com",
    "BLOB_ACCOUNT_URL":"https://stinsidetrackuksouth.blob.core.windows.net/",
    "CALL_LIB_BASE":"https://sales-tools.larato.co.uk",
    "FUNCTIONS_WORKER_RUNTIME": "node",
    "ALLOW_ANON": "1",
    "TENANT_ID": "d33de52e-614a-4dfb-94db-d4407997f49e",
    "PBI_TENANT_ID": "d33de52e-614a-4dfb-94db-d4407997f49e",
    "PBI_REPORT_ID": "db076611-4747-4b32-a3a8-76c7b81fcf77",
    "PBI_CLIENT_ID": "e9927e81-1f4b-4ada-ba0e-910fb042577b",
    "PBI_CLIENT_SECRET": "hV58Q~RSBNmgc6BuPwbx7FyPuaYKLpbv-6Kg2agn",
    "PBI_WORKSPACE_ID" : "22e004e2-49ac-4e4b-abc7-93f65e9030dd",
    "PY_API_BASE": "http://127.0.0.1:7071",
    "UPLOADS_SAS_URL": "https://stinsidetrackuksouth.blob.core.windows.net/?sv=2024-11-04&ss=bfqt&srt=sco&sp=rwdlacupiytfx&se=2026-04-08T22:20:42Z&st=2025-09-05T14:05:42Z&spr=https&sig=fcVtEF%2BfASOXcCO%2FMJniXsHOFegj%2FV%2BCkB%2B9j4FIlik%3D"
  }
}
